<?xml version="1.0" encoding="UTF-8"?>
<project-private xmlns="http://www.netbeans.org/ns/project-private/1">
    <editor-bookmarks xmlns="http://www.netbeans.org/ns/editor-bookmarks/2" lastBookmarkId="0"/>
    <open-files xmlns="http://www.netbeans.org/ns/projectui-open-files/2">
        <group>
            <file>file:/C:/Users/lithium/Documents/NetBeansProjects/UNIDAD_2_DSEPD/JuegoRoman/juego/web/acceso.jsp</file>
            <file>file:/C:/Users/lithium/Documents/NetBeansProjects/UNIDAD_2_DSEPD/JuegoRoman/juego/web/index.jsp</file>
            <file>file:/C:/Users/lithium/Documents/NetBeansProjects/UNIDAD_2_DSEPD/JuegoRoman/juego/web/WEB-INF/web.xml</file>
            <file>file:/C:/Users/lithium/Documents/NetBeansProjects/UNIDAD_2_DSEPD/JuegoRoman/juego/src/java/juego/Ahorcado.java</file>
        </group>
    </open-files>
</project-private>
